g1,b1,g1,b1,exp_val
0.5973608751237137,0.31433428808887287,1.5707963267948966,0.7853981633974483,6.6671686463511035
0.5973608751237137,0.31433428808887287,1.5707963267948966,0.8508480103472357,6.48705103319839
0.5973608751237137,0.31433428808887287,1.5707963267948966,0.916297857297023,6.444122430571163
0.5973608751237137,0.31433428808887287,1.5707963267948966,0.9817477042468103,6.5413083517955695
0.5973608751237137,0.31433428808887287,1.5707963267948966,1.0471975511965976,6.771985736947537
0.5973608751237137,0.31433428808887287,1.5707963267948966,1.1126473981463851,7.120434303441328
0.5973608751237137,0.31433428808887287,1.5707963267948966,1.1780972450961724,7.562907857308892
0.5973608751237137,0.31433428808887287,1.5707963267948966,1.2435470920459597,8.069252557076265
0.5973608751237137,0.31433428808887287,1.5707963267948966,1.308996938995747,8.604961848228477
0.5973608751237137,0.31433428808887287,1.5707963267948966,1.3744467859455345,9.133528027874956
0.5973608751237137,0.31433428808887287,1.5707963267948966,1.4398966328953218,9.618930184369807
0.5973608751237137,0.31433428808887287,1.5707963267948966,1.5053464798451093,10.02808896291269
0.5973608751237137,0.31433428808887287,1.5707963267948966,1.5707963267948966,10.333120868913007
0.5973608751237137,0.31433428808887287,1.5707963267948966,1.6362461737446838,10.513238482065688
0.5973608751237137,0.31433428808887287,1.5707963267948966,1.7016960206944711,10.556167084692976
0.5973608751237137,0.31433428808887287,1.5707963267948966,1.7671458676442584,10.458981163468506
0.5973608751237137,0.31433428808887287,1.5707963267948966,1.832595714594046,10.228303778316567
0.5973608751237137,0.31433428808887287,1.5707963267948966,1.8980455615438332,9.87985521182274
0.5973608751237137,0.31433428808887287,1.5707963267948966,1.9634954084936207,9.43738165795519
0.5973608751237137,0.31433428808887287,1.5707963267948966,2.028945255443408,8.931036958187818
0.5973608751237137,0.31433428808887287,1.5707963267948966,2.0943951023931953,8.395327667035609
0.5973608751237137,0.31433428808887287,1.5707963267948966,2.1598449493429825,7.866761487389086
0.5973608751237137,0.31433428808887287,1.5707963267948966,2.2252947962927703,7.38135933089431
0.5973608751237137,0.31433428808887287,1.5707963267948966,2.290744643242557,6.9722005523513735
0.5973608751237137,0.31433428808887287,1.5707963267948966,2.356194490192345,6.667168646351125
0.5973608751237137,0.31433428808887287,1.7016960206944713,0.7853981633974483,6.840896573536028
0.5973608751237137,0.31433428808887287,1.7016960206944713,0.8508480103472357,6.693606547263981
0.5973608751237137,0.31433428808887287,1.7016960206944713,0.916297857297023,6.67534875015231
0.5973608751237137,0.31433428808887287,1.7016960206944713,0.9817477042468103,6.787367420901722
0.5973608751237137,0.31433428808887287,1.7016960206944713,1.0471975511965976,7.022028672220284
0.5973608751237137,0.31433428808887287,1.7016960206944713,1.1126473981463851,7.363340727626664
0.5973608751237137,0.31433428808887287,1.7016960206944713,1.1780972450961724,7.788043734589772
0.5973608751237137,0.31433428808887287,1.7016960206944713,1.2435470920459597,8.26719488503996
0.5973608751237137,0.31433428808887287,1.7016960206944713,1.308996938995747,8.768140819908757
0.5973608751237137,0.31433428808887287,1.7016960206944713,1.3744467859455345,9.256742901587174
0.5973608751237137,0.31433428808887287,1.7016960206944713,1.4398966328953218,9.699703705661987
0.5973608751237137,0.31433428808887287,1.7016960206944713,1.5053464798451093,10.066836185362693
0.5973608751237137,0.31433428808887287,1.7016960206944713,1.5707963267948966,10.333120868913003
0.5973608751237137,0.31433428808887287,1.7016960206944713,1.6362461737446838,10.480410895185017
0.5973608751237137,0.31433428808887287,1.7016960206944713,1.7016960206944711,10.498668692296741
0.5973608751237137,0.31433428808887287,1.7016960206944713,1.7671458676442584,10.386650021547277
0.5973608751237137,0.31433428808887287,1.7016960206944713,1.832595714594046,10.15198877022874
0.5973608751237137,0.31433428808887287,1.7016960206944713,1.8980455615438332,9.810676714822337
0.5973608751237137,0.31433428808887287,1.7016960206944713,1.9634954084936207,9.385973707859238
0.5973608751237137,0.31433428808887287,1.7016960206944713,2.028945255443408,8.906822557409047
0.5973608751237137,0.31433428808887287,1.7016960206944713,2.0943951023931953,8.405876622540246
0.5973608751237137,0.31433428808887287,1.7016960206944713,2.1598449493429825,7.917274540861797
0.5973608751237137,0.31433428808887287,1.7016960206944713,2.2252947962927703,7.474313736787044
0.5973608751237137,0.31433428808887287,1.7016960206944713,2.290744643242557,7.107181257086297
0.5973608751237137,0.31433428808887287,1.7016960206944713,2.356194490192345,6.84089657353605
0.5973608751237137,0.31433428808887287,1.832595714594046,0.7853981633974483,7.035067703978221
0.5973608751237137,0.31433428808887287,1.832595714594046,0.8508480103472357,6.923351179485209
0.5973608751237137,0.31433428808887287,1.832595714594046,0.916297857297023,6.931626387965993
0.5973608751237137,0.31433428808887287,1.832595714594046,0.9817477042468103,7.059329387638016
0.5973608751237137,0.31433428808887287,1.832595714594046,1.0471975511965976,7.2977574301128385
0.5973608751237137,0.31433428808887287,1.832595714594046,1.1126473981463851,7.630662038316755
0.5973608751237137,0.31433428808887287,1.832595714594046,1.1780972450961724,8.035356313351564
0.5973608751237137,0.31433428808887287,1.832595714594046,1.2435470920459597,8.484261009162518
0.5973608751237137,0.31433428808887287,1.832595714594046,1.308996938995747,8.946784012580219
0.5973608751237137,0.31433428808887287,1.832595714594046,1.3744467859455345,9.391405145277133
0.5973608751237137,0.31433428808887287,1.832595714594046,1.4398966328953218,9.787824211831182
0.5973608751237137,0.31433428808887287,1.832595714594046,1.5053464798451093,10.109025907970079
0.5973608751237137,0.31433428808887287,1.832595714594046,1.5707963267948966,10.333120868912978
0.5973608751237137,0.31433428808887287,1.832595714594046,1.6362461737446838,10.444837393405981
0.5973608751237137,0.31433428808887287,1.832595714594046,1.7016960206944711,10.436562184925247
0.5973608751237137,0.31433428808887287,1.832595714594046,1.7671458676442584,10.30885918525318
0.5973608751237137,0.31433428808887287,1.832595714594046,1.832595714594046,10.070431142778379
0.5973608751237137,0.31433428808887287,1.832595714594046,1.8980455615438332,9.737526534574437
0.5973608751237137,0.31433428808887287,1.832595714594046,1.9634954084936207,9.332832259539636
0.5973608751237137,0.31433428808887287,1.832595714594046,2.028945255443408,8.883927563728673
0.5973608751237137,0.31433428808887287,1.832595714594046,2.0943951023931953,8.421404560310982
0.5973608751237137,0.31433428808887287,1.832595714594046,2.1598449493429825,7.976783427614026
0.5973608751237137,0.31433428808887287,1.832595714594046,2.2252947962927703,7.580364361060035
0.5973608751237137,0.31433428808887287,1.832595714594046,2.290744643242557,7.259162664921117
0.5973608751237137,0.31433428808887287,1.832595714594046,2.356194490192345,7.035067703978241
0.5973608751237137,0.31433428808887287,1.9634954084936207,0.7853981633974483,7.2313453111615695
0.5973608751237137,0.31433428808887287,1.9634954084936207,0.8508480103472357,7.154511106071743
0.5973608751237137,0.31433428808887287,1.9634954084936207,0.916297857297023,7.188603464251418
0.5973608751237137,0.31433428808887287,1.9634954084936207,0.9817477042468103,7.331299047830897
0.5973608751237137,0.31433428808887287,1.9634954084936207,1.0471975511965976,7.5728733886048865
0.5973608751237137,0.31433428808887287,1.9634954084936207,1.1126473981463851,7.896863594470085
0.5973608751237137,0.31433428808887287,1.9634954084936207,1.1780972450961724,8.28119026831593
0.5973608751237137,0.31433428808887287,1.9634954084936207,1.2435470920459597,8.69966218244965
0.5973608751237137,0.31433428808887287,1.9634954084936207,1.308996938995747,9.12376116748059
0.5973608751237137,0.31433428808887287,1.9634954084936207,1.3744467859455345,9.524585578435605
0.5973608751237137,0.31433428808887287,1.9634954084936207,1.4398966328953218,9.874819894101806
0.5973608751237137,0.31433428808887287,1.9634954084936207,1.5053464798451093,10.150596224655992
0.5973608751237137,0.31433428808887287,1.9634954084936207,1.5707963267948966,10.33312086891301
0.5973608751237137,0.31433428808887287,1.9634954084936207,1.6362461737446838,10.409955074002795
0.5973608751237137,0.31433428808887287,1.9634954084936207,1.7016960206944711,10.375862715823168
0.5973608751237137,0.31433428808887287,1.9634954084936207,1.7671458676442584,10.23316713224365
0.5973608751237137,0.31433428808887287,1.9634954084936207,1.832595714594046,9.991592791469678
0.5973608751237137,0.31433428808887287,1.9634954084936207,1.8980455615438332,9.66760258560446
0.5973608751237137,0.31433428808887287,1.9634954084936207,1.9634954084936207,9.283275911758619
0.5973608751237137,0.31433428808887287,1.9634954084936207,2.028945255443408,8.864803997624893
0.5973608751237137,0.31433428808887287,1.9634954084936207,2.0943951023931953,8.440705012593957
0.5973608751237137,0.31433428808887287,1.9634954084936207,2.1598449493429825,8.039880601638904
0.5973608751237137,0.31433428808887287,1.9634954084936207,2.2252947962927703,7.689646285972768
0.5973608751237137,0.31433428808887287,1.9634954084936207,2.290744643242557,7.413869955418542
0.5973608751237137,0.31433428808887287,1.9634954084936207,2.356194490192345,7.231345311161594
0.5973608751237137,0.31433428808887287,2.0943951023931953,0.7853981633974483,7.412797441571797
0.5973608751237137,0.31433428808887287,2.0943951023931953,0.8508480103472357,7.367116707246225
0.5973608751237137,0.31433428808887287,2.0943951023931953,0.916297857297023,7.424056647229294
0.5973608751237137,0.31433428808887287,2.0943951023931953,0.9817477042468103,7.579736898708833
0.5973608751237137,0.31433428808887287,2.0943951023931953,1.0471975511965976,7.823548109820328
0.5973608751237137,0.31433428808887287,2.0943951023931953,1.1126473981463851,8.138874949443572
0.5973608751237137,0.31433428808887287,2.0943951023931953,1.1780972450961724,8.504228414560515
0.5973608751237137,0.31433428808887287,2.0943951023931953,1.2435470920459597,8.894710270298546
0.5973608751237137,0.31433428808887287,2.0943951023931953,1.308996938995747,9.283709823490913
0.5973608751237137,0.31433428808887287,2.0943951023931953,1.3744467859455345,9.644717397439727
0.5973608751237137,0.31433428808887287,2.0943951023931953,1.4398966328953218,9.95313092257362
0.5973608751237137,0.31433428808887287,2.0943951023931953,1.5053464798451093,10.187932526832064
0.5973608751237137,0.31433428808887287,2.0943951023931953,1.5707963267948966,10.333120868912989
0.5973608751237137,0.31433428808887287,2.0943951023931953,1.6362461737446838,10.378801603238536
0.5973608751237137,0.31433428808887287,2.0943951023931953,1.7016960206944711,10.321861663255516
0.5973608751237137,0.31433428808887287,2.0943951023931953,1.7671458676442584,10.166181411775934
0.5973608751237137,0.31433428808887287,2.0943951023931953,1.832595714594046,9.922370200664478
0.5973608751237137,0.31433428808887287,2.0943951023931953,1.8980455615438332,9.607043361041192
0.5973608751237137,0.31433428808887287,2.0943951023931953,1.9634954084936207,9.241689895924264
0.5973608751237137,0.31433428808887287,2.0943951023931953,2.028945255443408,8.851208040186227
0.5973608751237137,0.31433428808887287,2.0943951023931953,2.0943951023931953,8.462208486993859
0.5973608751237137,0.31433428808887287,2.0943951023931953,2.1598449493429825,8.10120091304501
0.5973608751237137,0.31433428808887287,2.0943951023931953,2.2252947962927703,7.792787387911178
0.5973608751237137,0.31433428808887287,2.0943951023931953,2.290744643242557,7.557985783652697
0.5973608751237137,0.31433428808887287,2.0943951023931953,2.356194490192345,7.412797441571824
0.5973608751237137,0.31433428808887287,2.2252947962927703,0.7853981633974483,7.567128037204196
0.5973608751237137,0.31433428808887287,2.2252947962927703,0.8508480103472357,7.546611356757415
0.5973608751237137,0.31433428808887287,2.2252947962927703,0.916297857297023,7.621741774408509
0.5973608751237137,0.31433428808887287,2.2252947962927703,0.9817477042468103,7.7873992763534154
0.5973608751237137,0.31433428808887287,2.2252947962927703,1.0471975511965976,8.032294577596586
0.5973608751237137,0.31433428808887287,2.2252947962927703,1.1126473981463851,8.339738468066907
0.5973608751237137,0.31433428808887287,2.2252947962927703,1.1780972450961724,8.688779154703894
0.5973608751237137,0.31433428808887287,2.2252947962927703,1.2435470920459597,9.0556300915302
0.5973608751237137,0.31433428808887287,2.2252947962927703,1.308996938995747,9.415290993450979
0.5973608751237137,0.31433428808887287,2.2252947962927703,1.3744467859455345,9.743251564368077
0.5973608751237137,0.31433428808887287,2.2252947962927703,1.4398966328953218,10.017161833353995
0.5973608751237137,0.31433428808887287,2.2252947962927703,1.5053464798451093,10.218355268235335
0.5973608751237137,0.31433428808887287,2.2252947962927703,1.5707963267948966,10.333120868912989
0.5973608751237137,0.31433428808887287,2.2252947962927703,1.6362461737446838,10.353637549359751
0.5973608751237137,0.31433428808887287,2.2252947962927703,1.7016960206944711,10.278507131708707
0.5973608751237137,0.31433428808887287,2.2252947962927703,1.7671458676442584,10.112849629763756
0.5973608751237137,0.31433428808887287,2.2252947962927703,1.832595714594046,9.867954328520618
0.5973608751237137,0.31433428808887287,2.2252947962927703,1.8980455615438332,9.56051043805026
0.5973608751237137,0.31433428808887287,2.2252947962927703,1.9634954084936207,9.211469751413299
0.5973608751237137,0.31433428808887287,2.2252947962927703,2.028945255443408,8.844618814586974
0.5973608751237137,0.31433428808887287,2.2252947962927703,2.0943951023931953,8.4849579126662
0.5973608751237137,0.31433428808887287,2.2252947962927703,2.1598449493429825,8.156997341749063
0.5973608751237137,0.31433428808887287,2.2252947962927703,2.2252947962927703,7.8830870727632085
0.5973608751237137,0.31433428808887287,2.2252947962927703,2.290744643242557,7.681893637881824
0.5973608751237137,0.31433428808887287,2.2252947962927703,2.356194490192345,7.567128037204231
0.5973608751237137,0.31433428808887287,2.356194490192345,0.7853981633974483,7.688074571187023
0.5973608751237137,0.31433428808887287,2.356194490192345,0.8508480103472357,7.68553398452061
0.5973608751237137,0.31433428808887287,2.356194490192345,0.916297857297023,7.773294301659174
0.5973608751237137,0.31433428808887287,2.356194490192345,0.9817477042468103,7.94537480202047
0.5973608751237137,0.31433428808887287,2.356194490192345,1.0471975511965976,8.190048483881395
0.5973608751237137,0.31433428808887287,2.356194490192345,1.1126473981463851,8.490641240165466
0.5973608751237137,0.31433428808887287,2.356194490192345,1.1780972450961724,8.826668171284991
0.5973608751237137,0.31433428808887287,2.356194490192345,1.2435470920459597,9.175229597194871
0.5973608751237137,0.31433428808887287,2.356194490192345,1.308996938995747,9.512571632744368
0.5973608751237137,0.31433428808887287,2.356194490192345,1.3744467859455345,9.81570497569486
0.5973608751237137,0.31433428808887287,2.356194490192345,1.4398966328953218,10.063971589675841
0.5973608751237137,0.31433428808887287,2.356194490192345,1.5053464798451093,10.24045251522437
0.5973608751237137,0.31433428808887287,2.356194490192345,1.5707963267948966,10.333120868913001
0.5973608751237137,0.31433428808887287,2.356194490192345,1.6362461737446838,10.335661455579382
0.5973608751237137,0.31433428808887287,2.356194490192345,1.7016960206944711,10.247901138440872
0.5973608751237137,0.31433428808887287,2.356194490192345,1.7671458676442584,10.07582063807953
0.5973608751237137,0.31433428808887287,2.356194490192345,1.832595714594046,9.831146956218644
0.5973608751237137,0.31433428808887287,2.356194490192345,1.8980455615438332,9.530554199934523
0.5973608751237137,0.31433428808887287,2.356194490192345,1.9634954084936207,9.194527268815028
0.5973608751237137,0.31433428808887287,2.356194490192345,2.028945255443408,8.845965842905137
0.5973608751237137,0.31433428808887287,2.356194490192345,2.0943951023931953,8.50862380735564
0.5973608751237137,0.31433428808887287,2.356194490192345,2.1598449493429825,8.205490464405104
0.5973608751237137,0.31433428808887287,2.356194490192345,2.2252947962927703,7.957223850424186
0.5973608751237137,0.31433428808887287,2.356194490192345,2.290744643242557,7.7807429248756135
0.5973608751237137,0.31433428808887287,2.356194490192345,2.356194490192345,7.688074571187061
0.5973608751237137,0.31433428808887287,2.4870941840919194,0.7853981633974483,7.775010996045758
0.5973608751237137,0.31433428808887287,2.4870941840919194,0.8508480103472357,7.783269087638942
0.5973608751237137,0.31433428808887287,2.4870941840919194,0.916297857297023,7.87812988411693
0.5973608751237137,0.31433428808887287,2.4870941840919194,0.9817477042468103,8.053128778964592
0.5973608751237137,0.31433428808887287,2.4870941840919194,1.0471975511965976,8.296339886697444
0.5973608751237137,0.31433428808887287,2.4870941840919194,1.1126473981463851,8.591188772248834
0.5973608751237137,0.31433428808887287,2.4870941840919194,1.1780972450961724,8.917581971329287
0.5973608751237137,0.31433428808887287,2.4870941840919194,1.2435470920459597,9.25327632681167
0.5973608751237137,0.31433428808887287,2.4870941840919194,1.308996938995747,9.57539482313106
0.5973608751237137,0.31433428808887287,2.4870941840919194,1.3744467859455345,9.861985617089253
0.5973608751237137,0.31433428808887287,2.4870941840919194,1.4398966328953218,10.09351801969174
0.5973608751237137,0.31433428808887287,2.4870941840919194,1.5053464798451093,10.254213480326419
0.5973608751237137,0.31433428808887287,2.4870941840919194,1.5707963267948966,10.333120868912983
0.5973608751237137,0.31433428808887287,2.4870941840919194,1.6362461737446838,10.32486277731978
0.5973608751237137,0.31433428808887287,2.4870941840919194,1.7016960206944711,10.230001980841845
0.5973608751237137,0.31433428808887287,2.4870941840919194,1.7671458676442584,10.055003085994134
0.5973608751237137,0.31433428808887287,2.4870941840919194,1.832595714594046,9.811791978261319
0.5973608751237137,0.31433428808887287,2.4870941840919194,1.8980455615438332,9.516943092709887
0.5973608751237137,0.31433428808887287,2.4870941840919194,1.9634954084936207,9.190549893629465
0.5973608751237137,0.31433428808887287,2.4870941840919194,2.028945255443408,8.854855538147058
0.5973608751237137,0.31433428808887287,2.4870941840919194,2.0943951023931953,8.53273704182768
0.5973608751237137,0.31433428808887287,2.4870941840919194,2.1598449493429825,8.246146247869433
0.5973608751237137,0.31433428808887287,2.4870941840919194,2.2252947962927703,8.014613845267014
0.5973608751237137,0.31433428808887287,2.4870941840919194,2.290744643242557,7.853918384632298
0.5973608751237137,0.31433428808887287,2.4870941840919194,2.356194490192345,7.775010996045796
0.5973608751237137,0.31433428808887287,2.617993877991494,0.7853981633974483,7.831204381007614
0.5973608751237137,0.31433428808887287,2.617993877991494,0.8508480103472357,7.844285136342433
0.5973608751237137,0.31433428808887287,2.617993877991494,0.916297857297023,7.941725196837291
0.5973608751237137,0.31433428808887287,2.617993877991494,0.9817477042468103,8.116884183396746
0.5973608751237137,0.31433428808887287,2.617993877991494,1.0471975511965976,8.35782530055073
0.5973608751237137,0.31433428808887287,2.617993877991494,1.1126473981463851,8.648128809339191
0.5973608751237137,0.31433428808887287,2.617993877991494,1.1780972450961724,8.96801100538747
0.5973608751237137,0.31433428808887287,2.617993877991494,1.2435470920459597,9.295672445665124
0.5973608751237137,0.31433428808887287,2.617993877991494,1.308996938995747,9.608783544503417
0.5973608751237137,0.31433428808887287,2.617993877991494,1.3744467859455345,9.886006297957056
0.5973608751237137,0.31433428808887287,2.617993877991494,1.4398966328953218,10.108448433510503
0.5973608751237137,0.31433428808887287,2.617993877991494,1.5053464798451093,10.26095088722866
0.5973608751237137,0.31433428808887287,2.617993877991494,1.5707963267948966,10.333120868912985
0.5973608751237137,0.31433428808887287,2.617993877991494,1.6362461737446838,10.320040113578145
0.5973608751237137,0.31433428808887287,2.617993877991494,1.7016960206944711,10.222600053083351
0.5973608751237137,0.31433428808887287,2.617993877991494,1.7671458676442584,10.047441066523835
0.5973608751237137,0.31433428808887287,2.617993877991494,1.832595714594046,9.806499949369893
0.5973608751237137,0.31433428808887287,2.617993877991494,1.8980455615438332,9.516196440581378
0.5973608751237137,0.31433428808887287,2.617993877991494,1.9634954084936207,9.196314244533134
0.5973608751237137,0.31433428808887287,2.617993877991494,2.028945255443408,8.868652804255463
0.5973608751237137,0.31433428808887287,2.617993877991494,2.0943951023931953,8.55554170541718
0.5973608751237137,0.31433428808887287,2.617993877991494,2.1598449493429825,8.278318951963485
0.5973608751237137,0.31433428808887287,2.617993877991494,2.2252947962927703,8.055876816410123
0.5973608751237137,0.31433428808887287,2.617993877991494,2.290744643242557,7.90337436269193
0.5973608751237137,0.31433428808887287,2.617993877991494,2.356194490192345,7.8312043810076535
0.5973608751237137,0.31433428808887287,2.748893571891069,0.7853981633974483,7.86139372504223
0.5973608751237137,0.31433428808887287,2.748893571891069,0.8508480103472357,7.875526301422267
0.5973608751237137,0.31433428808887287,2.748893571891069,0.916297857297023,7.972917826143464
0.5973608751237137,0.31433428808887287,2.748893571891069,0.9817477042468103,8.146931227743167
0.5973608751237137,0.31433428808887287,2.748893571891069,1.0471975511965976,8.385707780473131
0.5973608751237137,0.31433428808887287,2.748893571891069,1.1126473981463851,8.672975256861685
0.5973608751237137,0.31433428808887287,2.748893571891069,1.1780972450961724,8.98915685312495
0.5973608751237137,0.31433428808887287,2.748893571891069,1.2435470920459597,9.312705315992304
0.5973608751237137,0.31433428808887287,2.748893571891069,1.308996938995747,9.621571352408507
0.5973608751237137,0.31433428808887287,2.748893571891069,1.3744467859455345,9.894706252417029
0.5973608751237137,0.31433428808887287,2.748893571891069,1.4398966328953218,10.113496323959101
0.5973608751237137,0.31433428808887287,2.748893571891069,1.5053464798451093,10.263031385226713
0.5973608751237137,0.31433428808887287,2.748893571891069,1.5707963267948966,10.33312086891298
0.5973608751237137,0.31433428808887287,2.748893571891069,1.6362461737446838,10.318988292532943
0.5973608751237137,0.31433428808887287,2.748893571891069,1.7016960206944711,10.221596767811787
0.5973608751237137,0.31433428808887287,2.748893571891069,1.7671458676442584,10.047583366212038
0.5973608751237137,0.31433428808887287,2.748893571891069,1.832595714594046,9.808806813482121
0.5973608751237137,0.31433428808887287,2.748893571891069,1.8980455615438332,9.521539337093508
0.5973608751237137,0.31433428808887287,2.748893571891069,1.9634954084936207,9.205357740830278
0.5973608751237137,0.31433428808887287,2.748893571891069,2.028945255443408,8.881809277962898
0.5973608751237137,0.31433428808887287,2.748893571891069,2.0943951023931953,8.57294324154671
0.5973608751237137,0.31433428808887287,2.748893571891069,2.1598449493429825,8.299808341538139
0.5973608751237137,0.31433428808887287,2.748893571891069,2.2252947962927703,8.081018269996129
0.5973608751237137,0.31433428808887287,2.748893571891069,2.290744643242557,7.931483208728476
0.5973608751237137,0.31433428808887287,2.748893571891069,2.356194490192345,7.861393725042268
0.5973608751237137,0.31433428808887287,2.8797932657906435,0.7853981633974483,7.869401643634956
0.5973608751237137,0.31433428808887287,2.8797932657906435,0.8508480103472357,7.883690360370804
0.5973608751237137,0.31433428808887287,2.8797932657906435,0.916297857297023,7.9809545215314035
0.5973608751237137,0.31433428808887287,2.8797932657906435,0.9817477042468103,8.154565735270278
0.5973608751237137,0.31433428808887287,2.8797932657906435,1.0471975511965976,8.39269268427726
0.5973608751237137,0.31433428808887287,2.8797932657906435,1.1126473981463851,8.679107410500869
0.5973608751237137,0.31433428808887287,2.8797932657906435,1.1780972450961724,8.99429122367173
0.5973608751237137,0.31433428808887287,2.8797932657906435,1.2435470920459597,9.31676486778806
0.5973608751237137,0.31433428808887287,2.8797932657906435,1.308996938995747,9.624552296916274
0.5973608751237137,0.31433428808887287,2.8797932657906435,1.3744467859455345,9.89667830640404
0.5973608751237137,0.31433428808887287,2.8797932657906435,1.4398966328953218,10.114597958414308
0.5973608751237137,0.31433428808887287,2.8797932657906435,1.5053464798451093,10.263460388791719
0.5973608751237137,0.31433428808887287,2.8797932657906435,1.5707963267948966,10.333120868912985
0.5973608751237137,0.31433428808887287,2.8797932657906435,1.6362461737446838,10.318832152177123
0.5973608751237137,0.31433428808887287,2.8797932657906435,1.7016960206944711,10.221567991016578
0.5973608751237137,0.31433428808887287,2.8797932657906435,1.7671458676442584,10.047956777277639
0.5973608751237137,0.31433428808887287,2.8797932657906435,1.832595714594046,9.809829828270713
0.5973608751237137,0.31433428808887287,2.8797932657906435,1.8980455615438332,9.523415102047045
0.5973608751237137,0.31433428808887287,2.8797932657906435,1.9634954084936207,9.208231288876219
0.5973608751237137,0.31433428808887287,2.8797932657906435,2.028945255443408,8.885757644759863
0.5973608751237137,0.31433428808887287,2.8797932657906435,2.0943951023931953,8.577970215631666
0.5973608751237137,0.31433428808887287,2.8797932657906435,2.1598449493429825,8.305844206143846
0.5973608751237137,0.31433428808887287,2.8797932657906435,2.2252947962927703,8.08792455413364
0.5973608751237137,0.31433428808887287,2.8797932657906435,2.290744643242557,7.939062123756199
0.5973608751237137,0.31433428808887287,2.8797932657906435,2.356194490192345,7.869401643634992
0.5973608751237137,0.31433428808887287,3.0106929596902186,0.7853981633974483,7.856398948163809
0.5973608751237137,0.31433428808887287,3.0106929596902186,0.8508480103472357,7.873057812067022
0.5973608751237137,0.31433428808887287,3.0106929596902186,0.916297857297023,7.972973654886604
0.5973608751237137,0.31433428808887287,3.0106929596902186,0.9817477042468103,8.149337377053083
0.5973608751237137,0.31433428808887287,3.0106929596902186,1.0471975511965976,8.390130082355709
0.5973608751237137,0.31433428808887287,3.0106929596902186,1.1126473981463851,8.678942145856825
0.5973608751237137,0.31433428808887287,3.0106929596902186,1.1780972450961724,8.99609150271338
0.5973608751237137,0.31433428808887287,3.0106929596902186,1.2435470920459597,9.31996494836962
0.5973608751237137,0.31433428808887287,3.0106929596902186,1.308996938995747,9.628491042730294
0.5973608751237137,0.31433428808887287,3.0106929596902186,1.3744467859455345,9.900644242328191
0.5973608751237137,0.31433428808887287,3.0106929596902186,1.4398966328953218,10.117877756365182
0.5973608751237137,0.31433428808887287,3.0106929596902186,1.5053464798451093,10.265387479854896
0.5973608751237137,0.31433428808887287,3.0106929596902186,1.5707963267948966,10.333120868912982
0.5973608751237137,0.31433428808887287,3.0106929596902186,1.6362461737446838,10.31646200500975
0.5973608751237137,0.31433428808887287,3.0106929596902186,1.7016960206944711,10.21654616219023
0.5973608751237137,0.31433428808887287,3.0106929596902186,1.7671458676442584,10.040182440023688
0.5973608751237137,0.31433428808887287,3.0106929596902186,1.832595714594046,9.79938973472111
0.5973608751237137,0.31433428808887287,3.0106929596902186,1.8980455615438332,9.510577671219938
0.5973608751237137,0.31433428808887287,3.0106929596902186,1.9634954084936207,9.193428314363423
0.5973608751237137,0.31433428808887287,3.0106929596902186,2.028945255443408,8.869554868707162
0.5973608751237137,0.31433428808887287,3.0106929596902186,2.0943951023931953,8.561028774346497
0.5973608751237137,0.31433428808887287,3.0106929596902186,2.1598449493429825,8.288875574748545
0.5973608751237137,0.31433428808887287,3.0106929596902186,2.2252947962927703,8.071642060711618
0.5973608751237137,0.31433428808887287,3.0106929596902186,2.290744643242557,7.92413233722187
0.5973608751237137,0.31433428808887287,3.0106929596902186,2.356194490192345,7.8563989481638465
0.5973608751237137,0.31433428808887287,3.141592653589793,0.7853981633974483,7.82026214321451
0.5973608751237137,0.31433428808887287,3.141592653589793,0.8508480103472357,7.844373302282069
0.5973608751237137,0.31433428808887287,3.141592653589793,0.916297857297023,7.952464910435237
0.5973608751237137,0.31433428808887287,3.141592653589793,0.9817477042468103,8.137170703208174
0.5973608751237137,0.31433428808887287,3.141592653589793,1.0471975511965976,8.385903286064194
0.5973608751237137,0.31433428808887287,3.141592653589793,1.1126473981463851,8.681711944531667
0.5973608751237137,0.31433428808887287,3.141592653589793,1.1780972450961724,9.004437807382995
0.5973608751237137,0.31433428808887287,3.141592653589793,1.2435470920459597,9.332087640394494
0.5973608751237137,0.31433428808887287,3.141592653589793,1.308996938995747,9.642332648913426
0.5973608751237137,0.31433428808887287,3.141592653589793,1.3744467859455345,9.91403014831334
0.5973608751237137,0.31433428808887287,3.141592653589793,1.4398966328953218,10.128664403011518
0.5973608751237137,0.31433428808887287,3.141592653589793,1.5053464798451093,10.271608443250031
0.5973608751237137,0.31433428808887287,3.141592653589793,1.5707963267948966,10.333120868912985
0.5973608751237137,0.31433428808887287,3.141592653589793,1.6362461737446838,10.309009709845402
0.5973608751237137,0.31433428808887287,3.141592653589793,1.7016960206944711,10.200918101692295
0.5973608751237137,0.31433428808887287,3.141592653589793,1.7671458676442584,10.016212308919307
0.5973608751237137,0.31433428808887287,3.141592653589793,1.832595714594046,9.76747972606333
0.5973608751237137,0.31433428808887287,3.141592653589793,1.8980455615438332,9.471671067595807
0.5973608751237137,0.31433428808887287,3.141592653589793,1.9634954084936207,9.148945204744514
0.5973608751237137,0.31433428808887287,3.141592653589793,2.028945255443408,8.82129537173299
0.5973608751237137,0.31433428808887287,3.141592653589793,2.0943951023931953,8.511050363214066
0.5973608751237137,0.31433428808887287,3.141592653589793,2.1598449493429825,8.239352863814098
0.5973608751237137,0.31433428808887287,3.141592653589793,2.2252947962927703,8.02471860911599
0.5973608751237137,0.31433428808887287,3.141592653589793,2.290744643242557,7.881774568877434
0.5973608751237137,0.31433428808887287,3.141592653589793,2.356194490192345,7.820262143214551
0.5973608751237137,0.31433428808887287,3.2724923474893677,0.7853981633974483,7.75621959694021
0.5973608751237137,0.31433428808887287,3.2724923474893677,0.8508480103472357,7.795043123213862
0.5973608751237137,0.31433428808887287,3.2724923474893677,0.916297857297023,7.919026671907998
0.5973608751237137,0.31433428808887287,3.2724923474893677,0.9817477042468103,8.119720969071588
0.5973608751237137,0.31433428808887287,3.2724923474893677,1.0471975511965976,8.38344903001599
0.5973608751237137,0.31433428808887287,3.2724923474893677,1.1126473981463851,8.692238223219032
0.5973608751237137,0.31433428808887287,3.2724923474893677,1.1780972450961724,9.025045075462245
0.5973608751237137,0.31433428808887287,3.2724923474893677,1.2435470920459597,9.359189349754512
0.5973608751237137,0.31433428808887287,3.2724923474893677,1.308996938995747,9.671899666002378
0.5973608751237137,0.31433428808887287,3.2724923474893677,1.3744467859455345,9.941865332931775
0.5973608751237137,0.31433428808887287,3.2724923474893677,1.4398966328953218,10.150688636480858
0.5973608751237137,0.31433428808887287,3.2724923474893677,1.5053464798451093,10.284138613609485
0.5973608751237137,0.31433428808887287,3.2724923474893677,1.5707963267948966,10.333120868912989
0.5973608751237137,0.31433428808887287,3.2724923474893677,1.6362461737446838,10.294297342639318
0.5973608751237137,0.31433428808887287,3.2724923474893677,1.7016960206944711,10.170313793945237
0.5973608751237137,0.31433428808887287,3.2724923474893677,1.7671458676442584,9.96961949678159
0.5973608751237137,0.31433428808887287,3.2724923474893677,1.832595714594046,9.70589143583724
0.5973608751237137,0.31433428808887287,3.2724923474893677,1.8980455615438332,9.397102242634137
0.5973608751237137,0.31433428808887287,3.2724923474893677,1.9634954084936207,9.06429539039096
0.5973608751237137,0.31433428808887287,3.2724923474893677,2.028945255443408,8.730151116098678
0.5973608751237137,0.31433428808887287,3.2724923474893677,2.0943951023931953,8.417440799850825
0.5973608751237137,0.31433428808887287,3.2724923474893677,2.1598449493429825,8.147475132921368
0.5973608751237137,0.31433428808887287,3.2724923474893677,2.2252947962927703,7.938651829372346
0.5973608751237137,0.31433428808887287,3.2724923474893677,2.290744643242557,7.805201852243689
0.5973608751237137,0.31433428808887287,3.2724923474893677,2.356194490192345,7.756219596940248
0.5973608751237137,0.31433428808887287,3.4033920413889422,0.7853981633974483,7.658687167944313
0.5973608751237137,0.31433428808887287,3.4033920413889422,0.8508480103472357,7.720614763357059
0.5973608751237137,0.31433428808887287,3.4033920413889422,0.916297857297023,7.869451213987787
0.5973608751237137,0.31433428808887287,3.4033920413889422,0.9817477042468103,8.095053561689873
0.5973608751237137,0.31433428808887287,3.4033920413889422,1.0471975511965976,8.382047379292954
0.5973608751237137,0.31433428808887287,3.4033920413889422,1.1126473981463851,8.710874512407054
0.5973608751237137,0.31433428808887287,3.4033920413889422,1.1780972450961724,9.059125935323031
0.5973608751237137,0.31433428808887287,3.4033920413889422,1.2435470920459597,9.403068889081776
0.5973608751237137,0.31433428808887287,3.4033920413889422,1.308996938995747,9.719264229777286
0.5973608751237137,0.31433428808887287,3.4033920413889422,1.3744467859455345,9.986163767478649
0.5973608751237137,0.31433428808887287,3.4033920413889422,1.4398966328953218,10.185578739763901
0.5973608751237137,0.31433428808887287,3.4033920413889422,1.5053464798451093,10.303919345820523
0.5973608751237137,0.31433428808887287,3.4033920413889422,1.5707963267948966,10.333120868912975
0.5973608751237137,0.31433428808887287,3.4033920413889422,1.6362461737446838,10.271193273500227
0.5973608751237137,0.31433428808887287,3.4033920413889422,1.7016960206944711,10.122356822869541
0.5973608751237137,0.31433428808887287,3.4033920413889422,1.7671458676442584,9.896754475167413
0.5973608751237137,0.31433428808887287,3.4033920413889422,1.832595714594046,9.60976065756438
0.5973608751237137,0.31433428808887287,3.4033920413889422,1.8980455615438332,9.280933524450226
0.5973608751237137,0.31433428808887287,3.4033920413889422,1.9634954084936207,8.932682101534281
0.5973608751237137,0.31433428808887287,3.4033920413889422,2.028945255443408,8.588739147775518
0.5973608751237137,0.31433428808887287,3.4033920413889422,2.0943951023931953,8.272543807080018
0.5973608751237137,0.31433428808887287,3.4033920413889422,2.1598449493429825,8.0056442693786
0.5973608751237137,0.31433428808887287,3.4033920413889422,2.2252947962927703,7.8062292970934095
0.5973608751237137,0.31433428808887287,3.4033920413889422,2.290744643242557,7.687888691036759
0.5973608751237137,0.31433428808887287,3.4033920413889422,2.356194490192345,7.658687167944353
0.5973608751237137,0.31433428808887287,3.534291735288517,0.7853981633974483,7.523873507506297
0.5973608751237137,0.31433428808887287,3.534291735288517,0.8508480103472357,7.6171721466957125
0.5973608751237137,0.31433428808887287,3.534291735288517,0.916297857297023,7.799835420397223
0.5973608751237137,0.31433428808887287,3.534291735288517,0.9817477042468103,8.05941512837336
0.5973608751237137,0.31433428808887287,3.534291735288517,1.0471975511965976,8.378221342501352
0.5973608751237137,0.31433428808887287,3.534291735288517,1.1126473981463851,8.73452794614052
0.5973608751237137,0.31433428808887287,3.534291735288517,1.1780972450961724,9.104053233077405
0.5973608751237137,0.31433428808887287,3.534291735288517,1.2435470920459597,9.461614665676588
0.5973608751237137,0.31433428808887287,3.534291735288517,1.308996938995747,9.782845023204692
0.5973608751237137,0.31433428808887287,3.534291735288517,1.3744467859455345,10.045852987654445
0.5973608751237137,0.31433428808887287,3.534291735288517,1.4398966328953218,10.232715000889836
0.5973608751237137,0.31433428808887287,3.534291735288517,1.5053464798451093,10.330696725512833
0.5973608751237137,0.31433428808887287,3.534291735288517,1.5707963267948966,10.333120868913001
0.5973608751237137,0.31433428808887287,3.534291735288517,1.6362461737446838,10.23982222972356
0.5973608751237137,0.31433428808887287,3.534291735288517,1.7016960206944711,10.05715895602209
0.5973608751237137,0.31433428808887287,3.534291735288517,1.7671458676442584,9.797579248045908
0.5973608751237137,0.31433428808887287,3.534291735288517,1.832595714594046,9.478773033917951
0.5973608751237137,0.31433428808887287,3.534291735288517,1.8980455615438332,9.122466430278738
0.5973608751237137,0.31433428808887287,3.534291735288517,1.9634954084936207,8.75294114334189
0.5973608751237137,0.31433428808887287,3.534291735288517,2.028945255443408,8.395379710742684
0.5973608751237137,0.31433428808887287,3.534291735288517,2.0943951023931953,8.074149353214583
0.5973608751237137,0.31433428808887287,3.534291735288517,2.1598449493429825,7.811141388764785
0.5973608751237137,0.31433428808887287,3.534291735288517,2.2252947962927703,7.624279375529462
0.5973608751237137,0.31433428808887287,3.534291735288517,2.290744643242557,7.526297650906431
0.5973608751237137,0.31433428808887287,3.534291735288517,2.356194490192345,7.523873507506334
0.5973608751237137,0.31433428808887287,3.665191429188092,0.7853981633974483,7.3524466659309775
0.5973608751237137,0.31433428808887287,3.665191429188092,0.8508480103472357,7.483972526487518
0.5973608751237137,0.31433428808887287,3.665191429188092,0.916297857297023,7.708099127571998
0.5973608751237137,0.31433428808887287,3.665191429188092,0.9817477042468103,8.009552611707207
0.5973608751237137,0.31433428808887287,3.665191429188092,1.0471975511965976,8.36778942212481
0.5973608751237137,0.31433428808887287,3.665191429188092,1.1126473981463851,8.758396312209129
0.5973608751237137,0.31433428808887287,3.665191429188092,1.1780972450961724,9.154754067909368
0.5973608751237137,0.31433428808887287,3.665191429188092,1.2435470920459597,9.529851563186659
0.5973608751237137,0.31433428808887287,3.665191429188092,1.308996938995747,9.858126523615809
0.5973608751237137,0.31433428808887287,3.665191429188092,1.3744467859455345,10.117207553143592
0.5973608751237137,0.31433428808887287,3.665191429188092,1.4398966328953218,10.289438707759368
0.5973608751237137,0.31433428808887287,3.665191429188092,1.5053464798451093,10.363082718901401
0.5973608751237137,0.31433428808887287,3.665191429188092,1.5707963267948966,10.333120868912983
0.5973608751237137,0.31433428808887287,3.665191429188092,1.6362461737446838,10.201595008356428
0.5973608751237137,0.31433428808887287,3.665191429188092,1.7016960206944711,9.977468407271996
0.5973608751237137,0.31433428808887287,3.665191429188092,1.7671458676442584,9.676014923136746
0.5973608751237137,0.31433428808887287,3.665191429188092,1.832595714594046,9.317778112719175
0.5973608751237137,0.31433428808887287,3.665191429188092,1.8980455615438332,8.927171222634819
0.5973608751237137,0.31433428808887287,3.665191429188092,1.9634954084936207,8.530813466934596
0.5973608751237137,0.31433428808887287,3.665191429188092,2.028945255443408,8.155715971657298
0.5973608751237137,0.31433428808887287,3.665191429188092,2.0943951023931953,7.827441011228154
0.5973608751237137,0.31433428808887287,3.665191429188092,2.1598449493429825,7.568359981700324
0.5973608751237137,0.31433428808887287,3.665191429188092,2.2252947962927703,7.39612882708461
0.5973608751237137,0.31433428808887287,3.665191429188092,2.290744643242557,7.322484815942548
0.5973608751237137,0.31433428808887287,3.665191429188092,2.356194490192345,7.35244666593101
0.5973608751237137,0.31433428808887287,3.7960911230876664,0.7853981633974483,7.151388019462566
0.5973608751237137,0.31433428808887287,3.7960911230876664,0.8508480103472357,7.325461078731908
0.5973608751237137,0.31433428808887287,3.7960911230876664,0.916297857297023,7.596086264495332
0.5973608751237137,0.31433428808887287,3.7960911230876664,0.9817477042468103,7.944820917572301
0.5973608751237137,0.31433428808887287,3.7960911230876664,1.0471975511965976,8.347899347666928
0.5973608751237137,0.31433428808887287,3.7960911230876664,1.1126473981463851,8.77785242588682
0.5973608751237137,0.31433428808887287,3.7960911230876664,1.1780972450961724,9.205379560482399
0.5973608751237137,0.31433428808887287,3.7960911230876664,1.2435470920459597,9.601345483752905
0.5973608751237137,0.31433428808887287,3.7960911230876664,1.308996938995747,9.93876577239213
0.5973608751237137,0.31433428808887287,3.7960911230876664,1.3744467859455345,10.194645791342682
0.5973608751237137,0.31433428808887287,3.7960911230876664,1.4398966328953218,10.351547740174862
0.5973608751237137,0.31433428808887287,3.7960911230876664,1.5053464798451093,10.398779010368354
0.5973608751237137,0.31433428808887287,3.7960911230876664,1.5707963267948966,10.333120868912989
0.5973608751237137,0.31433428808887287,3.7960911230876664,1.6362461737446838,10.15904780964363
0.5973608751237137,0.31433428808887287,3.7960911230876664,1.7016960206944711,9.888422623880249
0.5973608751237137,0.31433428808887287,3.7960911230876664,1.7671458676442584,9.539687970803243
0.5973608751237137,0.31433428808887287,3.7960911230876664,1.832595714594046,9.136609540708655
0.5973608751237137,0.31433428808887287,3.7960911230876664,1.8980455615438332,8.706656462488715
0.5973608751237137,0.31433428808887287,3.7960911230876664,1.9634954084936207,8.279129327893155
0.5973608751237137,0.31433428808887287,3.7960911230876664,2.028945255443408,7.883163404622637
0.5973608751237137,0.31433428808887287,3.7960911230876664,2.0943951023931953,7.545743115983421
0.5973608751237137,0.31433428808887287,3.7960911230876664,2.1598449493429825,7.289863097032823
0.5973608751237137,0.31433428808887287,3.7960911230876664,2.2252947962927703,7.13296114820071
0.5973608751237137,0.31433428808887287,3.7960911230876664,2.290744643242557,7.085729878007186
0.5973608751237137,0.31433428808887287,3.7960911230876664,2.356194490192345,7.151388019462598
0.5973608751237137,0.31433428808887287,3.9269908169872414,0.7853981633974483,6.9342145859324535
0.5973608751237137,0.31433428808887287,3.9269908169872414,0.8508480103472357,7.151827190685967
0.5973608751237137,0.31433428808887287,3.9269908169872414,0.916297857297023,7.470424779160821
0.5973608751237137,0.31433428808887287,3.9269908169872414,0.9817477042468103,7.868295452209838
0.5973608751237137,0.31433428808887287,3.9269908169872414,1.0471975511965976,8.318324980977145
0.5973608751237137,0.31433428808887287,3.9269908169872414,1.1126473981463851,8.78984459678618
0.5973608751237137,0.31433428808887287,3.9269908169872414,1.1780972450961724,9.250721017042599
0.5973608751237137,0.31433428808887287,3.9269908169872414,1.2435470920459597,9.669546275340174
0.5973608751237137,0.31433428808887287,3.9269908169872414,1.308996938995747,10.017778122467414
0.5973608751237137,0.31433428808887287,3.9269908169872414,1.3744467859455345,10.271685133522922
0.5973608751237137,0.31433428808887287,3.9269908169872414,1.4398966328953218,10.413963965304518
0.5973608751237137,0.31433428808887287,3.9269908169872414,1.5053464798451093,10.434918550553013
0.5973608751237137,0.31433428808887287,3.9269908169872414,1.5707963267948966,10.333120868913003
0.5973608751237137,0.31433428808887287,3.9269908169872414,1.6362461737446838,10.115508264159459
0.5973608751237137,0.31433428808887287,3.9269908169872414,1.7016960206944711,9.796910675684643
0.5973608751237137,0.31433428808887287,3.9269908169872414,1.7671458676442584,9.399040002635594
0.5973608751237137,0.31433428808887287,3.9269908169872414,1.832595714594046,8.94901047386831
0.5973608751237137,0.31433428808887287,3.9269908169872414,1.8980455615438332,8.47749085805924
0.5973608751237137,0.31433428808887287,3.9269908169872414,1.9634954084936207,8.016614437802842
0.5973608751237137,0.31433428808887287,3.9269908169872414,2.028945255443408,7.597789179505259
0.5973608751237137,0.31433428808887287,3.9269908169872414,2.0943951023931953,7.249557332378027
0.5973608751237137,0.31433428808887287,3.9269908169872414,2.1598449493429825,6.995650321322466
0.5973608751237137,0.31433428808887287,3.9269908169872414,2.2252947962927703,6.853371489540942
0.5973608751237137,0.31433428808887287,3.9269908169872414,2.290744643242557,6.8324169042924
0.5973608751237137,0.31433428808887287,3.9269908169872414,2.356194490192345,6.934214585932482
0.5973608751237137,0.31433428808887287,4.057890510886816,0.7853981633974483,6.719084031366205
0.5973608751237137,0.31433428808887287,4.057890510886816,0.8508480103472357,6.977572730249136
0.5973608751237137,0.31433428808887287,4.057890510886816,0.916297857297023,7.341591170476248
0.5973608751237137,0.31433428808887287,4.057890510886816,0.9817477042468103,7.786332096914958
0.5973608751237137,0.31433428808887287,4.057890510886816,1.0471975511965976,8.281487150397632
0.5973608751237137,0.31433428808887287,4.057890510886816,1.1126473981463851,8.793312332311814
0.5973608751237137,0.31433428808887287,4.057890510886816,1.1780972450961724,9.286927602341189
0.5973608751237137,0.31433428808887287,4.057890510886816,1.2435470920459597,9.728693895571016
0.5973608751237137,0.31433428808887287,4.057890510886816,1.308996938995747,10.088505569171023
0.5973608751237137,0.31433428808887287,4.057890510886816,1.3744467859455345,10.341842052202262
0.5973608751237137,0.31433428808887287,4.057890510886816,1.4398966328953218,10.471438882004554
0.5973608751237137,0.31433428808887287,4.057890510886816,1.5053464798451093,10.468464248795613
0.5973608751237137,0.31433428808887287,4.057890510886816,1.5707963267948966,10.333120868912989
0.5973608751237137,0.31433428808887287,4.057890510886816,1.6362461737446838,10.07463217003004
0.5973608751237137,0.31433428808887287,4.057890510886816,1.7016960206944711,9.710613729802972
0.5973608751237137,0.31433428808887287,4.057890510886816,1.7671458676442584,9.265872803364218
0.5973608751237137,0.31433428808887287,4.057890510886816,1.832595714594046,8.77071774988157
0.5973608751237137,0.31433428808887287,4.057890510886816,1.8980455615438332,8.258892567967353
0.5973608751237137,0.31433428808887287,4.057890510886816,1.9634954084936207,7.765277297937996
0.5973608751237137,0.31433428808887287,4.057890510886816,2.028945255443408,7.32351100470816
0.5973608751237137,0.31433428808887287,4.057890510886816,2.0943951023931953,6.963699331108163
0.5973608751237137,0.31433428808887287,4.057890510886816,2.1598449493429825,6.710362848076879
0.5973608751237137,0.31433428808887287,4.057890510886816,2.2252947962927703,6.580766018274653
0.5973608751237137,0.31433428808887287,4.057890510886816,2.290744643242557,6.583740651483547
0.5973608751237137,0.31433428808887287,4.057890510886816,2.356194490192345,6.719084031366229
0.5973608751237137,0.31433428808887287,4.1887902047863905,0.7853981633974483,6.524879367533893
0.5973608751237137,0.31433428808887287,4.1887902047863905,0.8508480103472357,6.818122156404387
0.5973608751237137,0.31433428808887287,4.1887902047863905,0.916297857297023,7.221143616271152
0.5973608751237137,0.31433428808887287,4.1887902047863905,0.9817477042468103,7.7064785006686956
0.5973608751237137,0.31433428808887287,4.1887902047863905,1.0471975511965976,8.24105203927919
0.5973608751237137,0.31433428808887287,4.1887902047863905,1.1126473981463851,8.78843392887084
0.5973608751237137,0.31433428808887287,4.1887902047863905,1.1780972450961724,9.311320998259344
0.5973608751237137,0.31433428808887287,4.1887902047863905,1.2435470920459597,9.77407935777758
0.5973608751237137,0.31433428808887287,4.1887902047863905,1.308996938995747,10.145172789968733
0.5973608751237137,0.31433428808887287,4.1887902047863905,1.3744467859455345,10.39931189068988
0.5973608751237137,0.31433428808887287,4.1887902047863905,1.4398966328953218,10.519177500211654
0.5973608751237137,0.31433428808887287,4.1887902047863905,1.5053464798451093,10.496600975332274
0.5973608751237137,0.31433428808887287,4.1887902047863905,1.5707963267948966,10.33312086891299
0.5973608751237137,0.31433428808887287,4.1887902047863905,1.6362461737446838,10.039878080042476
0.5973608751237137,0.31433428808887287,4.1887902047863905,1.7016960206944711,9.636856620175763
0.5973608751237137,0.31433428808887287,4.1887902047863905,1.7671458676442584,9.15152173577818
0.5973608751237137,0.31433428808887287,4.1887902047863905,1.832595714594046,8.616948197167702
0.5973608751237137,0.31433428808887287,4.1887902047863905,1.8980455615438332,8.069566307576025
0.5973608751237137,0.31433428808887287,4.1887902047863905,1.9634954084936207,7.546679238187535
0.5973608751237137,0.31433428808887287,4.1887902047863905,2.028945255443408,7.083920878669296
0.5973608751237137,0.31433428808887287,4.1887902047863905,2.0943951023931953,6.7128274464781414
0.5973608751237137,0.31433428808887287,4.1887902047863905,2.1598449493429825,6.458688345756955
0.5973608751237137,0.31433428808887287,4.1887902047863905,2.2252947962927703,6.338822736235244
0.5973608751237137,0.31433428808887287,4.1887902047863905,2.290744643242557,6.361399261114572
0.5973608751237137,0.31433428808887287,4.1887902047863905,2.356194490192345,6.524879367533915
0.5973608751237137,0.31433428808887287,4.319689898685965,0.7853981633974483,6.366067391554317
0.5973608751237137,0.31433428808887287,4.319689898685965,0.8508480103472357,6.685186316843792
0.5973608751237137,0.31433428808887287,4.319689898685965,0.916297857297023,7.117731884051821
0.5973608751237137,0.31433428808887287,4.319689898685965,0.9817477042468103,7.63422682758851
0.5973608751237137,0.31433428808887287,4.319689898685965,1.0471975511965976,8.199472870600124
0.5973608751237137,0.31433428808887287,4.319689898685965,1.1126473981463851,8.774949429368638
0.5973608751237137,0.31433428808887287,4.319689898685965,1.1780972450961724,9.321438727433987
0.5973608751237137,0.31433428808887287,4.319689898685965,1.2435470920459597,9.801698422249256
0.5973608751237137,0.31433428808887287,4.319689898685965,1.308996938995747,10.18299960927946
0.5973608751237137,0.31433428808887287,4.319689898685965,1.3744467859455345,10.439357242758486
0.5973608751237137,0.31433428808887287,4.319689898685965,1.4398966328953218,10.553300973615848
0.5973608751237137,0.31433428808887287,4.319689898685965,1.5053464798451093,10.517065724894344
0.5973608751237137,0.31433428808887287,4.319689898685965,1.5707963267948966,10.333120868913005
0.5973608751237137,0.31433428808887287,4.319689898685965,1.6362461737446838,10.014001943623512
0.5973608751237137,0.31433428808887287,4.319689898685965,1.7016960206944711,9.581456376415527
0.5973608751237137,0.31433428808887287,4.319689898685965,1.7671458676442584,9.064961432878786
0.5973608751237137,0.31433428808887287,4.319689898685965,1.832595714594046,8.499715389867193
0.5973608751237137,0.31433428808887287,4.319689898685965,1.8980455615438332,7.924238831098645
0.5973608751237137,0.31433428808887287,4.319689898685965,1.9634954084936207,7.3777495330333105
0.5973608751237137,0.31433428808887287,4.319689898685965,2.028945255443408,6.897489838218043
0.5973608751237137,0.31433428808887287,4.319689898685965,2.0943951023931953,6.516188651187846
0.5973608751237137,0.31433428808887287,4.319689898685965,2.1598449493429825,6.259831017708772
0.5973608751237137,0.31433428808887287,4.319689898685965,2.2252947962927703,6.145887286851483
0.5973608751237137,0.31433428808887287,4.319689898685965,2.290744643242557,6.182122535572918
0.5973608751237137,0.31433428808887287,4.319689898685965,2.356194490192345,6.366067391554337
0.5973608751237137,0.31433428808887287,4.4505895925855405,0.7853981633974483,6.247717924773611
0.5973608751237137,0.31433428808887287,4.4505895925855405,0.8508480103472357,6.58218190836196
0.5973608751237137,0.31433428808887287,4.4505895925855405,0.916297857297023,7.033059453794376
0.5973608751237137,0.31433428808887287,4.4505895925855405,0.9817477042468103,7.569624001460021
0.5973608751237137,0.31433428808887287,4.4505895925855405,1.0471975511965976,8.155309564150357
0.5973608751237137,0.31433428808887287,4.4505895925855405,1.1126473981463851,8.750202638659125
0.5973608751237137,0.31433428808887287,4.4505895925855405,1.1780972450961724,9.313762245065908
0.5973608751237137,0.31433428808887287,4.4505895925855405,1.2435470920459597,9.807582727520321
0.5973608751237137,0.31433428808887287,4.4505895925855405,1.308996938995747,10.198011036220041
0.5973608751237137,0.31433428808887287,4.4505895925855405,1.3744467859455345,10.458440127140442
0.5973608751237137,0.31433428808887287,4.4505895925855405,1.4398966328953218,10.571122188114847
0.5973608751237137,0.31433428808887287,4.4505895925855405,1.5053464798451093,10.528378122903527
0.5973608751237137,0.31433428808887287,4.4505895925855405,1.5707963267948966,10.333120868913015
0.5973608751237137,0.31433428808887287,4.4505895925855405,1.6362461737446838,9.998656885324639
0.5973608751237137,0.31433428808887287,4.4505895925855405,1.7016960206944711,9.547779339892264
0.5973608751237137,0.31433428808887287,4.4505895925855405,1.7671458676442584,9.011214792226571
0.5973608751237137,0.31433428808887287,4.4505895925855405,1.832595714594046,8.425529229536268
0.5973608751237137,0.31433428808887287,4.4505895925855405,1.8980455615438332,7.830636155027452
0.5973608751237137,0.31433428808887287,4.4505895925855405,1.9634954084936207,7.267076548620697
0.5973608751237137,0.31433428808887287,4.4505895925855405,2.028945255443408,6.773256066166272
0.5973608751237137,0.31433428808887287,4.4505895925855405,2.0943951023931953,6.38282775746657
0.5973608751237137,0.31433428808887287,4.4505895925855405,2.1598449493429825,6.122398666546106
0.5973608751237137,0.31433428808887287,4.4505895925855405,2.2252947962927703,6.0097166055717715
0.5973608751237137,0.31433428808887287,4.4505895925855405,2.290744643242557,6.05246067078302
0.5973608751237137,0.31433428808887287,4.4505895925855405,2.356194490192345,6.2477179247736245
0.5973608751237137,0.31433428808887287,4.581489286485114,0.7853981633974483,6.162324452431154
0.5973608751237137,0.31433428808887287,4.581489286485114,0.8508480103472357,6.501274268328867
0.5973608751237137,0.31433428808887287,4.581489286485114,0.916297857297023,6.95924165602234
0.5973608751237137,0.31433428808887287,4.581489286485114,0.9817477042468103,7.505016894867128
0.5973608751237137,0.31433428808887287,4.581489286485114,1.0471975511965976,8.101406304272267
0.5973608751237137,0.31433428808887287,4.581489286485114,1.1126473981463851,8.707766931566805
0.5973608751237137,0.31433428808887287,4.581489286485114,1.1780972450961724,9.282776302058972
0.5973608751237137,0.31433428808887287,4.581489286485114,1.2435470920459597,9.787248477397675
0.5973608751237137,0.31433428808887287,4.581489286485114,1.308996938995747,10.186804512513193
0.5973608751237137,0.31433428808887287,4.581489286485114,1.3744467859455345,10.45421532390997
0.5973608751237137,0.31433428808887287,4.581489286485114,1.4398966328953218,10.571257306708741
0.5973608751237137,0.31433428808887287,4.581489286485114,1.5053464798451093,10.529954243202507
0.5973608751237137,0.31433428808887287,4.581489286485114,1.5707963267948966,10.333120868913019
0.5973608751237137,0.31433428808887287,4.581489286485114,1.6362461737446838,9.99417105301527
0.5973608751237137,0.31433428808887287,4.581489286485114,1.7016960206944711,9.536203665321864
0.5973608751237137,0.31433428808887287,4.581489286485114,1.7671458676442584,8.990428426476985
0.5973608751237137,0.31433428808887287,4.581489286485114,1.832595714594046,8.394039017071883
0.5973608751237137,0.31433428808887287,4.581489286485114,1.8980455615438332,7.787678389777312
0.5973608751237137,0.31433428808887287,4.581489286485114,1.9634954084936207,7.212669019285144
0.5973608751237137,0.31433428808887287,4.581489286485114,2.028945255443408,6.708196843946465
0.5973608751237137,0.31433428808887287,4.581489286485114,2.0943951023931953,6.308640808830964
0.5973608751237137,0.31433428808887287,4.581489286485114,2.1598449493429825,6.041229997434104
0.5973608751237137,0.31433428808887287,4.581489286485114,2.2252947962927703,5.924188014635415
0.5973608751237137,0.31433428808887287,4.581489286485114,2.290744643242557,5.965491078141559
0.5973608751237137,0.31433428808887287,4.581489286485114,2.356194490192345,6.162324452431154
